{
  "step": [
    100000,
    200000,
    300000,
    400000,
    500000
  ],
  "deg2": [
    0.006229435494740804,
    0.006733740952809651,
    0.007336904788017272,
    0.007225459105173747,
    0.006350655906995137
  ],
  "deg3": [
    0.004952699135541917,
    0.028068431310653685,
    0.007821218283176421,
    0.011484052870273589,
    0.008624365590810774
  ],
  "deg4": [
    0.00551734671751658,
    0.02223832167466482,
    0.03364783785502116,
    0.02715268048922221,
    0.023531351769765216
  ],
  "deg5": [
    0.002800602022806803,
    0.03293398769696553,
    0.015889794937769573,
    0.01419239978790283,
    0.006684436233838399
  ],
  "deg6": [
    5.02786636352539e-05,
    0.13317587280273438,
    0.3263997314453125,
    0.366884326171875,
    0.39730843505859376
  ]
}