{
  "step": [
    200000,
    300000,
    500000
  ],
  "deg2": [
    0.025650897986094157,
    0.02713060690879822,
    0.027265498275756837
  ],
  "deg3": [
    0.022247003033161163,
    0.02902970825195313,
    0.028279663617610928
  ],
  "deg4": [
    0.036001954491933184,
    0.036932616545359294,
    0.03692020765940348
  ],
  "deg5": [
    0.03590392128626505,
    0.044065667597452805,
    0.0449853009223938
  ],
  "deg6": [
    0.1685955078125,
    0.17003589477539063,
    0.17289674377441405
  ]
}