{
  "step": [
    200000,
    300000,
    400000,
    500000
  ],
  "deg2": [
    0.008905174249013267,
    0.00793099492708842,
    0.0052129377873738605,
    0.008633252035776775
  ],
  "deg3": [
    0.006031939854621887,
    0.007685460627079009,
    0.009433905758857728,
    0.008339089262485506
  ],
  "deg4": [
    0.030903399480183915,
    0.0371561035601298,
    0.03103762280782063,
    0.02572672355969747
  ],
  "deg5": [
    0.003745910453796387,
    0.007098671253522238,
    0.010492450745900472,
    0.004938692418734233
  ],
  "deg6": [
    0.2916681396484375,
    0.3767840515136719,
    0.3753196594238281,
    0.37578199462890627
  ]
}