{
  "step": [
    200000,
    300000,
    500000
  ],
  "deg2": [
    0.01212260767618815,
    0.013644107392628986,
    0.009780832578341166
  ],
  "deg3": [
    0.009107348568439482,
    0.006828357701301574,
    0.007441382774114607
  ],
  "deg4": [
    0.040569082228342684,
    0.03641865536371867,
    0.04003811372756958
  ],
  "deg5": [
    0.004911149406433105,
    0.0032122526407241813,
    0.007878741558392842
  ],
  "deg6": [
    0.35282981567382815,
    0.3749611083984375,
    0.37279134521484375
  ]
}