{
  "step": [
    200000,
    300000,
    500000
  ],
  "deg2": [
    0.01148230787277222,
    0.013588155994415286,
    0.012159535023371379
  ],
  "deg3": [
    0.006801205221414567,
    0.00648856221318245,
    0.007835955731868741
  ],
  "deg4": [
    0.03213959568023681,
    0.031534579931894936,
    0.036922693456014
  ],
  "deg5": [
    0.0036297618389129643,
    0.005460616532961527,
    0.002586048936843872
  ],
  "deg6": [
    0.3436789916992187,
    0.36231405029296876,
    0.3884575256347656
  ]
}