{
  "step": [
    200000,
    300000,
    500000
  ],
  "deg2": [
    0.005380954656600951,
    0.0163786288245519,
    0.013102804501851396
  ],
  "deg3": [
    0.006773832483291625,
    0.006303870548009872,
    0.006677890784740448
  ],
  "deg4": [
    0.03847623336791992,
    0.030978395315806078,
    0.034255385971069335
  ],
  "deg5": [
    0.020738240659236906,
    0.008440898450215657,
    0.007760936141014099
  ],
  "deg6": [
    0.3397226257324219,
    0.3596190185546875,
    0.3725553955078125
  ]
}