{
  "step": [
    200000,
    300000,
    500000
  ],
  "deg2": [
    0.008518902026812237,
    0.006758811133702596,
    0.007642784883181254
  ],
  "deg3": [
    0.006574839513301849,
    0.00890650695323944,
    0.008892158890962601
  ],
  "deg4": [
    0.0356845916112264,
    0.03455290048599243,
    0.030721585343678796
  ],
  "deg5": [
    0.008537198547522227,
    0.005907964134216309,
    0.004831198589007059
  ],
  "deg6": [
    0.33778154296875,
    0.3311438232421875,
    0.3713041015625
  ]
}