{
  "step": [
    200000,
    300000,
    500000
  ],
  "deg2": [
    0.006735933122634889,
    0.005452756868998209,
    0.010164927517573037
  ],
  "deg3": [
    0.006197003483772277,
    0.006771852831840517,
    0.006393037436008454
  ],
  "deg4": [
    0.041012567838033046,
    0.037147593612670886,
    0.0335771757888794
  ],
  "deg5": [
    0.0054575359821319586,
    0.009850118080774942,
    0.003877800416946411
  ],
  "deg6": [
    0.29233783569335936,
    0.30546653442382815,
    0.3160909423828125
  ]
}