{
  "step": [
    200000,
    300000,
    400000,
    500000
  ],
  "deg2": [
    0.00637827835559845,
    0.009070669765472411,
    0.008128989965120952,
    0.012873512409528099
  ],
  "deg3": [
    0.006493807492256164,
    0.006646844421625138,
    0.008928927471637725,
    0.00571467131137848
  ],
  "deg4": [
    0.037138775221506756,
    0.03270827874501546,
    0.03731866036097209,
    0.03411307379722595
  ],
  "deg5": [
    0.005624609287579854,
    0.004827998717625936,
    0.013483451151847839,
    0.002994278597831726
  ],
  "deg6": [
    0.3130284729003906,
    0.3360933349609375,
    0.36722745361328124,
    0.3472530334472656
  ]
}