{
  "step": [
    200000,
    300000,
    400000,
    500000
  ],
  "deg2": [
    0.024368692544301348,
    0.025375063476562494,
    0.018239562867482503,
    0.01974418334007263
  ],
  "deg3": [
    0.028868280465602875,
    0.033837926867008206,
    0.007156291846036909,
    0.022850112245082856
  ],
  "deg4": [
    0.036868485593795776,
    0.038547130444844556,
    0.03164158241271973,
    0.03704858371098836
  ],
  "deg5": [
    0.04271164280573527,
    0.04850562092463176,
    0.006572522946198781,
    0.03848529988924662
  ],
  "deg6": [
    0.17408509521484375,
    0.17808233337402343,
    0.379760693359375,
    0.20327262878417968
  ]
}