{
  "step": [
    200000,
    300000,
    400000,
    500000
  ],
  "deg2": [
    0.03492593988418579,
    0.025981426906585694,
    0.012351747407913206,
    0.02991822164535523
  ],
  "deg3": [
    0.030088340194225315,
    0.025709719603061676,
    0.006662931165695191,
    0.02888566399097443
  ],
  "deg4": [
    0.04825496959686279,
    0.045525296344757084,
    0.03640287174224854,
    0.0454225868956248
  ],
  "deg5": [
    0.03600722970962524,
    0.033683701594670615,
    0.006795592625935872,
    0.03682221932411194
  ],
  "deg6": [
    0.1988845733642578,
    0.22091549682617187,
    0.38208243408203124,
    0.20071829528808594
  ]
}