{
  "step": [
    200000,
    300000,
    400000,
    500000
  ],
  "deg2": [
    0.023479973560969033,
    0.02037548493067424,
    0.014177463181813557,
    0.030384416853586834
  ],
  "deg3": [
    0.02678406844139099,
    0.02662515745401382,
    0.006834457367658614,
    0.0295567010641098
  ],
  "deg4": [
    0.03767528263727824,
    0.037188073571523025,
    0.034236711800893146,
    0.04767549209276835
  ],
  "deg5": [
    0.0428591768582662,
    0.04128324155807495,
    0.003986013122399648,
    0.03718953965504964
  ],
  "deg6": [
    0.1908553955078125,
    0.19404985961914062,
    0.3880894714355469,
    0.21239414672851561
  ]
}