{
  "step": [
    200000,
    300000,
    400000,
    500000
  ],
  "deg2": [
    0.005739590387344362,
    0.011135334326426188,
    0.00963165832122167,
    0.010709488309224444
  ],
  "deg3": [
    0.007264502413272857,
    0.006336569809913636,
    0.008346988451480866,
    0.007852939937114715
  ],
  "deg4": [
    0.03881474733988444,
    0.03902141543706258,
    0.03299826657613118,
    0.039993577988942465
  ],
  "deg5": [
    0.005312416776021323,
    0.006797499712308248,
    0.008040641236305235,
    0.006410356044769287
  ],
  "deg6": [
    0.31482757568359376,
    0.337704296875,
    0.3910050842285156,
    0.3679960876464844
  ]
}