{
  "step": [
    100000,
    200000,
    300000,
    400000,
    500000
  ],
  "corr": [
    0.045170918107032776,
    0.031222820281982422,
    0.04149577021598816,
    0.03754023462533951,
    0.041756000369787216
  ]
}