{
  "step": [
    100000,
    200000,
    300000,
    400000,
    500000
  ],
  "corr": [
    0.021939655765891075,
    0.042199742048978806,
    0.015887755900621414,
    0.009678947739303112,
    0.04117390140891075
  ]
}