{
  "step": [
    100000,
    200000,
    300000,
    400000,
    500000
  ],
  "corr": [
    0.01578678749501705,
    0.015375257469713688,
    0.011510637588799,
    0.009756888262927532,
    0.005528520327061415
  ]
}