{
  "step": [
    100000,
    200000,
    300000,
    400000,
    500000
  ],
  "corr": [
    0.04135066270828247,
    0.025149807333946228,
    0.029757902026176453,
    0.03544699773192406,
    0.0361492820084095
  ]
}