{
  "step": [
    100000,
    200000,
    300000,
    400000,
    500000
  ],
  "corr": [
    0.013003900647163391,
    0.026196015998721123,
    0.01894967444241047,
    0.01178335677832365,
    0.016274945810437202
  ]
}