{
  "step": [
    200000,
    300000,
    500000
  ],
  "corr": [
    0.015214257873594761,
    0.017558136954903603,
    0.007690542843192816
  ]
}