{
  "step": [
    100000,
    200000,
    300000,
    400000,
    500000
  ],
  "corr": [
    0.03042358160018921,
    0.02488541044294834,
    0.02310246229171753,
    0.028935464099049568,
    0.020961930975317955
  ]
}