{
  "step": [
    200000,
    300000,
    400000,
    500000
  ],
  "corr": [
    0.028276629745960236,
    0.016903730109333992,
    0.01270186435431242,
    0.04452407360076904
  ]
}