{
  "step": [
    100000,
    200000,
    300000,
    400000,
    500000
  ],
  "corr": [
    0.018046090379357338,
    0.011430948972702026,
    0.028034888207912445,
    0.025257602334022522,
    0.006530387792736292
  ]
}