{
  "step": [
    200000,
    300000,
    500000
  ],
  "corr": [
    0.03721480444073677,
    0.031179800629615784,
    0.02977450005710125
  ]
}