{
  "step": [
    100000,
    200000,
    300000,
    400000,
    500000
  ],
  "corr": [
    0.021089976653456688,
    0.0312698669731617,
    0.012446681968867779,
    0.024824390187859535,
    0.03236954286694527
  ]
}