{
  "step": [
    100000,
    200000,
    300000,
    400000,
    500000
  ],
  "corr": [
    0.019431771710515022,
    0.03060373105108738,
    0.01450439915060997,
    0.02053842879831791,
    0.012380596250295639
  ]
}