{
  "step": [
    100000,
    200000,
    300000,
    400000,
    500000
  ],
  "corr": [
    0.03739627078175545,
    0.0346451997756958,
    0.02230910211801529,
    0.02641322650015354,
    0.03013606183230877
  ]
}