{
  "step": [
    200000,
    300000,
    500000
  ],
  "corr": [
    0.016116907820105553,
    0.03768422082066536,
    0.019981032237410545
  ]
}