{
  "step": [
    100000,
    200000,
    300000,
    400000,
    500000
  ],
  "corr": [
    0.03755536675453186,
    0.023212946951389313,
    0.03841781243681908,
    0.020495066419243813,
    0.03868859261274338
  ]
}