{
  "step": [
    100000,
    200000,
    300000,
    400000,
    500000
  ],
  "corr": [
    0.01335707027465105,
    0.005726936738938093,
    0.0106329545378685,
    0.012932703830301762,
    0.0220185536891222
  ]
}