{
  "step": [
    100000,
    200000,
    300000,
    400000,
    500000
  ],
  "corr": [
    0.03320953994989395,
    0.02181076444685459,
    0.023968515917658806,
    0.013772095553576946,
    0.011803296394646168
  ]
}