{
  "step": [
    200000,
    300000,
    400000,
    500000
  ],
  "corr": [
    0.011925955303013325,
    0.02875681035220623,
    0.00844526942819357,
    0.008102738298475742
  ]
}