{
  "step": [
    100000,
    200000,
    300000,
    400000,
    500000
  ],
  "corr": [
    0.026894547045230865,
    0.006437498610466719,
    0.015773074701428413,
    0.009421571157872677,
    0.010649316944181919
  ]
}