{
  "step": [
    200000,
    300000,
    400000,
    500000
  ],
  "corr": [
    0.015576559118926525,
    0.027364516630768776,
    0.026157869026064873,
    0.024279840290546417
  ]
}