{
  "step": [
    100000,
    200000,
    300000,
    400000,
    500000
  ],
  "corr": [
    0.016844669356942177,
    0.059525489807128906,
    0.06582574546337128,
    0.04311429336667061,
    0.06594613194465637
  ]
}