{
  "step": [
    200000,
    300000,
    400000,
    500000
  ],
  "corr": [
    0.016575032845139503,
    0.010463353246450424,
    0.013404338620603085,
    0.01641969196498394
  ]
}