{
  "step": [
    200000,
    300000,
    500000
  ],
  "corr": [
    0.055593620985746384,
    0.020855290815234184,
    0.027234122157096863
  ]
}