{
  "step": [
    200000,
    300000,
    400000,
    500000
  ],
  "corr": [
    0.04537295922636986,
    0.04873638227581978,
    0.028527526184916496,
    0.023882441222667694
  ]
}