{
  "step": [
    200000,
    300000,
    500000
  ],
  "corr": [
    0.03809231147170067,
    0.02218998223543167,
    0.00687409145757556
  ]
}