{
  "step": [
    100000,
    200000,
    300000,
    400000,
    500000
  ],
  "corr": [
    0.047583963721990585,
    0.02777845412492752,
    0.04043860733509064,
    0.04455834999680519,
    0.032165855169296265
  ]
}