{
  "step": [
    100000,
    200000,
    300000,
    400000,
    500000
  ],
  "corr": [
    0.043945666402578354,
    0.04410632327198982,
    0.05929630994796753,
    0.04939177632331848,
    0.04723415896296501
  ]
}