{
  "step": [
    100000,
    200000,
    300000,
    400000,
    500000
  ],
  "corr": [
    0.05716068670153618,
    0.05234823003411293,
    0.03474974259734154,
    0.03666028752923012,
    0.041445378214120865
  ]
}