{
  "step": [
    100000,
    200000,
    300000,
    400000,
    500000
  ],
  "corr": [
    0.02805076539516449,
    0.007199411746114492,
    0.006668029818683863,
    0.008739747107028961,
    0.007691929582506418
  ]
}