{
  "step": [
    100000,
    200000,
    300000,
    400000,
    500000
  ],
  "corr": [
    0.04211783409118652,
    0.006994596216827631,
    0.008901262655854225,
    0.012692482210695744,
    0.01917036809027195
  ]
}