{
  "step": [
    100000,
    200000,
    300000,
    400000,
    500000
  ],
  "corr": [
    0.03253503888845444,
    0.025636767968535423,
    0.03313450142741203,
    0.02920633740723133,
    0.04724966362118721
  ]
}