{
  "step": [
    100000,
    200000,
    300000,
    400000,
    500000
  ],
  "corr": [
    0.02005399763584137,
    0.03265923634171486,
    0.005853436421602964,
    0.010959569364786148,
    0.01188491377979517
  ]
}