{
  "step": [
    200000,
    300000,
    500000
  ],
  "corr": [
    0.017673155292868614,
    0.020569242537021637,
    0.006994179915636778
  ]
}