{
  "step": [
    100000,
    200000,
    300000,
    400000,
    500000
  ],
  "corr": [
    0.036010827869176865,
    0.02389329858124256,
    0.02907702513039112,
    0.033254802227020264,
    0.021086281165480614
  ]
}