{
  "step": [
    100000,
    200000,
    300000,
    400000,
    500000
  ],
  "corr": [
    0.0405416302382946,
    0.017697392031550407,
    0.010302621871232986,
    0.020257053896784782,
    0.0195606779307127
  ]
}