{
  "step": [
    200000,
    300000,
    400000,
    500000
  ],
  "corr": [
    0.03422520309686661,
    0.0330035537481308,
    0.021414952352643013,
    0.020884208381175995
  ]
}