{
  "step": [
    100000,
    200000,
    300000,
    400000,
    500000
  ],
  "corr": [
    0.020573128014802933,
    0.01364021748304367,
    0.01444360613822937,
    0.011076070368289948,
    0.012520868331193924
  ]
}