{
  "step": [
    100000,
    200000,
    300000,
    400000,
    500000
  ],
  "corr": [
    0.01986798457801342,
    0.018614238128066063,
    0.01632693223655224,
    0.014001832343637943,
    0.022005071863532066
  ]
}