{
  "step": [
    100000,
    200000,
    300000,
    400000,
    500000
  ],
  "corr": [
    0.030635947361588478,
    0.03550003096461296,
    0.027401963248848915,
    0.04224086180329323,
    0.030442962422966957
  ]
}