{
  "step": [
    100000,
    200000,
    300000,
    400000,
    500000
  ],
  "corr": [
    0.03833763673901558,
    0.037851300090551376,
    0.03807009384036064,
    0.03505304455757141,
    0.027292193844914436
  ]
}